0  ,ethereum
1  ,justinsuntron
2  ,Tronfoundation
3  ,LitecoinProject
4  ,Ripple
5  ,stellarorg
6  ,ripple
7  ,tmcleod3
8  ,ethanbeard
9  ,miguelvias
10 ,kravchenkopo
11 ,joyce
12 ,StellarOrg
13 ,orbitlens
14 ,nullstyle
15 ,brino53
16 ,EvaGantz
17 ,endingwithali
18 ,wynlim
19 ,JedMcCaleb
20 ,bekkijean
21 ,dearstellar
22 ,mozzadrella
23 ,verbagetruck
24 ,hsinjuchuang
25 ,jedmccaleb
26 ,nobi_com
27 ,Googleorg
28 ,FfwdOrg
29 ,ImpactHub_SFBay
30 ,barenblat
31 ,Shareaholic
32 ,bitcoincoid
33 ,Stanford
34 ,dmazieres
35 ,mihmedialab
36 ,StelliesDigital
37 ,EntrepTract
38 ,bcrypt
39 ,jdunstan
40 ,zcashco
41 ,BBCTechTent
42 ,jessepollak
43 ,ShapeShift_io
44 ,SirDonQui
45 ,thebealdeal
46 ,TheBealDeal
47 ,nicolassf
48 ,AndrewRogers
49 ,BillGates
50 ,UN_Women
51 ,Mbwana
52 ,VitalikButerin
53 ,btcVeg
54 ,charlieok
55 ,feministPLT
56 ,alchemyDC
57 ,elisehamdon
58 ,gtank__
59 ,IanAMunoz
60 ,JackGavigan
61 ,str4d
62 ,geffenz
63 ,jswihart
64 ,least_nathan
65 ,ioptio
66 ,adjyleak
67 ,ebfull
68 ,DefuseSec
69 ,zcashasia
70 ,zooko
71 ,CryptoGPS
72 ,EliBenSasson
73 ,secparam
74 ,MadarsV
75 ,matthew_d_green
76 ,ArthurB
77 ,lotharr
78 ,gavinandresen
79 ,gojomo
80 ,josephbonneau
81 ,brianeklein
82 ,marciahofmann
83 ,ZcashCo
84 ,socrates1024
85 ,businessinsider
86 ,SafaricomLtd
87 ,CapitalFM_kenya
88 ,FareedZakaria
89 ,melindagates
90 ,BarclaysUK
91 ,Accion_Global
92 ,smn
93 ,ch3ryl
94 ,BradleyDMiller
95 ,GuardianGDP
96 ,cfinst_org
97 ,KarlTheMartian
98 ,nymiband
99 ,arstechnica
100,FinancialBrand
101,coindesk
102,valuewalk
103,AliJiwani1
104,RBC
105,rubengsp
106,valkenburgh
107,_jillruth
108,ljxie
109,jz_bz
110,petertoddbtc
111,zibin
112,NealJayu
113,hudsonjameson
114,decredproject
115,macsleven
116,_alyp_
117,beansgum
118,davecgh
119,davesaddress
120,dajohi
121,denyszayets
122,lefebvre_dustin
123,elianhuesca
124,GuangGuang168
125,karamblez
126,in_insaf
127,chappjc
128,jm_buirski
129,joshrickmar
130,Innigkeit
131,kyleFirethought
132,LindseyMelissaM
133,lukebp_
134,mc_edward_
135,marcelolustosa
136,dcrStakeyClub
137,marco_peereboom
138,Donmario
139,morphymore
140,rmykolas
141,nkplasma
142,nbdeagle
143,NoahPierau
144,realingsoc
145,scottrchristian
146,zen_bacon
147,traceagain
148,real_vijay
149,vitalikbuterin
150,CardanoStiftung
151,cardano
152,trxwallet
153,iotatoken
154,
155,mouthy
156,NEMofficial
157,initc3org
158,poloniex
159,dashpay
160,Poloniex
161,chris_seberino
162,CollinCrypto
163,obusco
164,DashPay
165,Dashpay
166,benvh
167,ETCChina
168,jihanwu
169,neo_blockchain
170,Excellion
171,eth_classic
172,avtarsehra
173,brian_armstrong
174,campether
175,NEO_Blockchain
176,make
177,makerfaire
178,bekathwia
179,calebkraft
180,msenese
181,garethb2
182,Frauenfelder
183,MichaelCMaker
184,dcdenison
185,Grathio
186,haleykscissors
187,seanragan
188,johnbaichtal
189,tom_newyorkcity
190,onetruecathal
191,dalepd
192,shawnconna
193,makerjammers
194,dailylaurel
195,QuitterieL
196,MsClaire99
197,nicknormal
198,coquette
199,BillyM2k
200,TheDogecoinFdn
201,ciaela
202,GrayscaleInvest
203,splix
204,el33th4xor
205,roylzou
206,etcdev
207,Etciscoming
208,pyskell
209,schumanncombo
210,CRSXu
211,Sonnenshein
212,Bitit_Gift
213,DavidSonstebo
214,DomSchiener
215,ralf
216,c___f___b
217,RolfWerner
218,lewisfreiberg
219,JensLundNielsen
220,AlisaMaas
221,juliemaupin
222,wilfriedpimenta
223,aaronalsop
224,cechjakub
225,oopsmonkTW
226,fijter
227,paul___douglas
228,chrisdukakis
229,sabrigoldberg
230,rihardsgravis
231,J0hndom
232,michelenati
233,th0br0
234,markmalytschew
235,estafahad
236,smartytwiti
237,Koen_Security
238,tezos
239,attentiontoken
240,BAT_Community
241,@attentiontoken
242,bitcoingold
243,wavesprojectinc
244,qtumofficial
245,omise_go
246,paxosglobal
247,BrendanEich
248,brianbondy
249,JonathanSampson
250,nejczdovc
251,brave
252,Phildo1221
253,MentalNomadSays
254,BtgKorea
255,btg_india
256,BTG_africa
257,btg_Joseph
258,lightningasic
259,areebakhan007
260,cz_binance
261,DrHushchak
262,PandaCP78
263,danfinlay
264,woonomic
265,AttentionToken
266,IndoBrave
267,convoluted_code
268,davidtemkin
269,upholdinc
270,BATAustralia
271,BAT_Indonesia
272,BAT_Malaysia
273,LiskHQ
274,steemit
275,dw_business
276,MaxKordek
277,domenico_loia
278,liskhq
279,belgianwolfie
280,Michal_Tomasik
281,ManuGowda_Ns
282,Shusetsun
283,JuanInBerlin
284,diego_lisk
285,jgrosdubois
286,jacobkowalewski
287,Thomelsch
288,borovviec
289,YasharAyari
290,lindsay4liberty
291,MatPiaggi
292,rey_raa
293,rlevance
294,lsilves
295,macko_baj
296,Karmacrypto
297,justinvendetta
298,marpme_
299,StanFaas
300,sourcedexter
301,SwenVanZanten
302,CabrasManuel
303,Mihael_CM
304,CoinCrazy66
305,PhanTi_91
306,TimXVG
307,CryptoRekt
308,CryptoGirlDini
309,KristopherMT
310,Yakuza112
311,wit_sec_birb
312,CmplxStack
313,vergecanada
314,3wizzlesticks
315,nkazier
316,jimbobaroobob
317,greentazn
318,XVGGAUDI
319,Arend_XVG
320,peterisanartist
321,waveon3
322,vergeliever
323,Desolatorbtc
324,xvg_ninja
325,verge_russia
326,Verge_forums
327,NiteShadowXVG
328,alchemi_co
329,DrogertCrypto
330,mrsFagerdal
331,Gisn1
332,Karan_patell1
333,VergeSlut
334,andrewhierden
335,HUMXVG
336,cryptooza
337,XVG_HypeMan
338,DJ_Erock23
339,XvgFawkes
340,VergeJaguar
341,ElConnekto
342,ecilaam
343,Rbull076
344,jsconfeu
345,siatechhq
